date|url|press|qa
1998-06-09|https://www.ecb.europa.eu/press/press_conference/monetary-policy-statement/1998/html/is980609.en.html|"Willem F. Duisenberg, President of the European Central Bank, 9 June 1998
Ladies and gentlemen, I am here today to report on the outcome of the first meetings of the three decision-making bodies of the ECB: the General Council; the Governing Council; and, the Executive Board; all of which, in accordance with the ESCB/ECB Statute, are chaired by me, as President of the ECB, or, in my absence, by the Vice-President, who is sitting next to me.
I may recall that the Heads of State or Government appointed six members to the Executive Board of the ECB, including the President and the Vice-President, as from 1 June 1998, which thus constitutes the date of establishment not only of the ECB but also of the ESCB. I may also recall that on 4 June 1998 the Executive Board released a press statement announcing its 2 June 1998 decision on the distribution of responsibilities among its members for the business areas of the ECB.
In subsequent meetings of the Executive Board the first meetings of the Governing and the General Councils were prepared. The first meetings of both bodies were held earlier today.
Further information about the members of the decision-making bodies of the ECB, about the constitution of the ESCB, about its objectives and tasks, and about its organisation has been made available in a press folder and can also be found on the ECBs Web site [section
About the ECB
].
The General Council, which includes all fifteen EU national central bank governors, provisionally adopted its own Rules of Procedure. They will be formally approved at the next meeting of the General Council.
In accordance with Article 47 of the ESCB/ECB Statute, the General Council also made a contribution to the decision-making of the Governing Council. For this reason the General Council met before the Governing Council.
The contribution consisted in delivering opinions on two important institutional matters: (i) the key for the subscription of the capital of the ECB;
(ii) the Conditions of Employment of ECB staff. At the end of its meeting, the General Council agreed, for the remainder of this year, to meet on 1 September 1998 and on 1 December 1998.
Following the meeting of the General Council, the Governing Council met for the first time in its composition of the six members of the Executive Board and the governors of the eleven national central banks of the euro area. Mr. de Silguy participated in the meeting as a member of the European Commission; the President of the EU Council, who also has a right to attend, did not participate.
The Governing Council: (i) took note of the Rules of Procedure of the European Central Bank, as proposed by the Executive Board, and will revert to them at its next meeting;
(ii) it adopted three Decisions: - the first Decision relates to the method to be applied for determining the national central banks percentage shares in the key for the ECBs capital. Application of this method has resulted in shares for the fifteen EU national central banks being determined with a level of precision of four decimal places; I will not read out the details, however, this information is being made available.
- the second Decision relates to the measures necessary for the paying up of the capital of the ECB. It has been decided that the eleven national central banks of the euro area will pay up in full their respective subscriptions to the ECBs capital according to the key established in the preceding Decision and that they will do so by 1 July 1998. As a result, the ECB will be endowed with an initial capital of slightly under EUR 4 billion;
- the third Decision consists in recommending to the Council of the European Union the first external auditor of the European Central Bank.
These and future Decisions will obviously be published in the Official Journal of the European Communities for general notice. The Governing Council also decided on a number of organisational matters: (i) it laid down the Conditions of Employment of the staff of the European Central Bank;
(ii) it provisionally agreed on a budget for the European Central Bank for the second half of 1998, which will be formally adopted at the next meeting;
(iii) it agreed on the framework for the organisation of the overall testing of ESCB-wide systems and procedures which will be conducted in the second half of this year, so as to ensure that the ESCB is in a position to undertake its tasks as from 1 January 1999.
Furthermore, the Governing Council decided on two specific issues relating to the preparation of Stage Three: (i) with respect to the TARGET system, a pricing policy was agreed, the main element of which is the degressive tariff that will be applied to payment transactions flowing through this system. A separate press release, which will be made available in all Community languages, will provide further details on this matter;
(ii) with respect to the euro banknotes, a largely decentralised approach for the initial supply of such banknotes has been agreed upon. This means that each of the eleven national central banks of the euro area will be free to organise the industrial process for the production of the euro banknotes needed to replace their national banknotes. In other words, each national central bank may produce all of the relevant euro banknotes itself or, alternatively, it may enter into bilateral pooling arrangements.
In addition, the Governing Council was consulted by the Executive Board on the organisational structure of the ECB. The Governing Council took note of, and agreed with, this structure, information about which is being made available. The Governing Council also agreed with the proposals of the Executive Board as regards the appointment of ECB Managers. I should like to point out that, of the fifty-five managerial positions in the ECB, forty-nine will be recruited from the current EMI staff.
Finally, the Governing Council decided, for the remainder of this year, to meet in any event on the first Tuesday of every month, with the exception of the month of August. Thus the next meeting of the Governing Council is scheduled for 7 July 1998. Before that date, more precisely on 30 June 1998, there will be a ceremony to be held in the Alte Oper in Frankfurt to mark the establishment of the ESCB.
For the remainder of this year the Governing Council will have to decide on all elements of the so-called regulatory, organisational and logistical framework necessary for the ESCB to perform its tasks in Stage Three, which the EMI has prepared in accordance with the Treaty. To this end, the Executive Board is currently preparing a work programme, which will cover, inter alia, such items as:
(i) the decision on whether or not to introduce a minimum reserve system and the specification of its features;
(ii) the monetary policy strategy;
(iii) the procedural rules for the administration of ERM2;
(iv) the transfer of foreign reserve assets to the ECB;
(v) the provision of intraday liquidity to non-euro area national central banks of the EU in the TARGET system;
(vi) the technical specification for the euro banknotes;
(vii) the scope and format of the financial reporting of the ESCB;
(viii) the allocation of the ESCBs monetary income.
You will understand that, after nine days of ECB existence, I am not yet in a position to give you further details on the precise timing of the decision-making on the above and many other items to be addressed by the Governing Council."|
1998-07-08|https://www.ecb.europa.eu/press/press_conference/monetary-policy-statement/1998/html/is980708.en.html|"Willem F. Duisenberg, President of the European Central Bank, Wednesday, 8 July 1998
Ladies and gentlemen, the Vice-President and I are here today to report on the outcome of the second meeting of the Governing Council of the European Central Bank held yesterday.
The Governing Council first assessed current economic developments in the euro area. The general picture is one of continued economic expansion combined with broadly low inflation.
Several forecasts made during spring 1998 have even suggested slightly lower rates of inflation for 1998-99 compared with expectations in autumn 1997. As far as price developments are concerned, inflation as measured by the harmonised consumer price index (HICP) is estimated to have risen slightly in April, to 1.4%, but has not increased further in May.
Output growth has remained strong in recent quarters, with annual growth rates close to or even exceeding 3%. Economic growth has been driven increasingly by domestic demand rather than net exports, as might be expected at this stage of the cycle. Private consumption and stockbuilding have been the main factors underlying domestic demand to date.
The favourable conjunctural situation has started to feed through into the labour market, although improvements here have in some countries been too slow to appear. It is evident, however, that economic growth alone will not reduce the urgency to proceed with structural adjustments in order to tackle unacceptably high rates of unemployment.
As regards monetary and financial developments in the euro area, the annual growth rate of the broad money supply (M3H) accelerated in April to around 6% from 5.5% in March. The growth rate of M1, the narrow money supply, also picked up, to around 10%. We shall monitor these developments very carefully.
In principle, the economic performance I have just described provides a favourable environment for continued fiscal consolidation. It is with some concern that we observe that in a number of member countries the prospects for this to actually develop seem to be, to put it mildly, rather subdued.
In this respect, I should like to underline three aspects. First, any ""growth dividend"" resulting from the current cyclical upturn should be used to bring deficit and debt levels down, rather than relaxing control over expenditure. Second, most Member States need to go a step further, and indeed improve structural balances as they are not yet in compliance with the obligations under the Stability and Growth Pact. This implies that the benchmark for fiscal policy must now be a budget close to balance or in surplus - in surplus especially in countries with high ratios of debt to GDP. Third, further structural adjustments in fiscal policy would also help to improve the policy mix in some countries and in the euro area as a whole from the start of Stage Three.
I would not at the present time want to try to convey too strong an impression of the implications of these various economic developments for the appropriate stance of monetary policies in euro area Member States. Although the responsibility for these policies remains with national central banks until the end of this year, the Governing Council had an extensive and thorough discussion on a euro area perspective of monetary policy. We will continue to study this issue closely before we enter the regime of a single monetary policy. For the time being, it is encouraging to see the credibility of monetary policy being reflected in the exchange rates of euro countries. There is currently no sign of exchange rate tensions among euro area currencies. Forward exchange rates are expected to be virtually identical to central rates, suggesting that the pre-announced rates are considered credible. I consider this a remarkable achievement.
Following its review of economic developments, the Governing Council settled a number of organisational issues."|
1998-09-11|https://www.ecb.europa.eu/press/press_conference/monetary-policy-statement/1998/html/is980911.en.html|"Willem F. Duisenberg, President of the European Central Bank
Ladies and gentlemen, the Vice-President and I are here today to report not only on the outcome of today’s meeting of the Governing Council of the European Central Bank, but also - as you are already aware - on the outcome of the meetings of the Governing Council and the General Council that took place on 1 September 1998. It was in view of the short time span between the two sets of meetings that we decided that it would be more efficient to hold only one press conference to provide you with a summary of our deliberations.
It is my intention to continue this practice for the remaining meetings of this year. In this regard, the Governing Council will meet, not only as scheduled on 13 October, 3 November and 1 December 1998, but there will also be an additional meeting on Tuesday, 22 December 1998. By this time, the bulk of nearly five years of preparatory work - including the ""EMI years"" - will be behind us and I envisage that the Governing Council’s final meeting before the start of Stage Three of Economic and Monetary Union (EMU) will be devoted to fine-tuning its last-minute preparations. You will recall that monetary policy decisions remain a national competence until 31 December 1998. Looking ahead to next year, the Governing Council will hold fortnightly meetings and I intend to hold a press conference, normally, once a month. For the first quarter of 1999, I envisage holding a press conference immediately after the first meeting of each month. Further details of the meetings schedule are provided in the separate press release that will be issued to you this evening.
Let me, however, return to the present. The Governing Council and the General Council devoted part of their September meetings to an extended exchange of views on
recent economic, monetary and financial developments
. In particular, much attention was paid to the global economic and financial environment of the future euro area, which has clearly worsened. Two major factors are currently affecting capital markets. First, the ""flight into quality"". Second - and related - the tendency to switch from equities to bonds. As evidenced once again over the past few days by large swings in investor sentiment, the monetary policy environment has become more uncertain.
One focal aspect of the discussion has been a close monitoring of the financial crisis in Russia. As we all know, the Russian crisis has added to concerns regarding the state of the world economy at a time when the crisis in Asia is still ongoing and growth in Japan is negative. These concerns have been fuelled by renewed strains in international financial markets as well as sharp fluctuations and downward corrections in major stock markets. There is no doubt that these developments will have a dampening effect on the world economy. However, their precise impact is difficult to measure at the current juncture.
On the one hand, economic and model-based analysis still suggests only moderate effects on prices and output in the euro area. This is due to the fact that, first, most of the crisis regions are quite small in economic terms, i.e. when compared with world GDP or their contribution to world trade. Second, trade links between these countries and the euro area are also of limited size. Third, the euro area itself is a very large economy, which is only directly exposed to variations in global trade to a certain degree. However, on the other hand, this analysis should not mislead us. We are perfectly aware that the risks associated with current global developments go beyond those effects which we can measure directly. In this respect one may think of indirect influences resulting from changes in confidence, saving and expenditure within the euro area. We have to take these risks seriously and analyse the situation soberly, but we should also not dramatise.
Let me now turn to the latest available data. These seem to indicate that economic expansion within the euro area has remained broadly on track, despite the worsening of the external environment. Domestic demand remains strong, while the contribution to growth from net exports has declined. Both private consumption and investment provided an important stimulus to the growth rate in the first quarter of this year. More up-to-date indicators point towards continued expansion in the second quarter, albeit at a possibly more moderate pace than in the first quarter.
The outlook on consumption is supported by higher real earnings growth and declining unemployment, and is reflected in consumer confidence. The evidence for the corporate sector is perhaps more mixed. As compared to the first quarter of 1998, industrial production figures show a somewhat slower rate of increase in the period from April to May, but capacity utilisation has continued to increase and this, combined with low interest rates, should underpin investment. European Commission survey data, such as confidence indicators and the assessment of order books, bear witness to relatively high levels, both with respect to their long-term averages and recent peaks. This can also be taken as a favourable indicator for continued growth in the short term, although some indicators have not improved further since the spring. Unemployment has also been declining, but at a modest pace, and from a high level. In discussing the cyclical uncertainties, one should not forget that work on badly needed structural reforms has not so far made much progress.
Considering recent price developments, HICP inflation for the euro area as a whole remained stable at 1.4% between May and July. Both domestic and external factors still appear to be favourable, suggesting that euro area inflation may be expected to remain subdued in the future. An important external factor underlying the favourable prospects for inflation is the sharp decline in oil and commodity prices, which is partly associated with developments in Asia. Moreover, domestic sources of inflation, such as those arising from the labour market situation and capacity utilisation, are also relatively moderate at the present juncture. In my opinion, taking a euro area wide perspective, these views are also broadly compatible with current monetary and financial developments. In this connection, please take note that we should soon have new information on monetary developments on the basis of the new statistical reporting framework for money and banking.
The environment of significant volatility in international financial markets, particularly stock markets, appears to account for much of the recent decline in long-term interest rates in the euro area to historically low levels, as investors have sought to protect themselves against heightened global risk. Nonetheless, it is notable that the euro area yield curve shifted downwards at all maturities, which to some extent would tend to indicate a further decline in long-term inflation expectations for the euro area as a whole.
As we approach the start of Stage Three, we shall need to continue to monitor closely economic, monetary and financial developments within the euro area and in the world economy. This will allow us eventually to set the interest rate for the euro area as a whole. At the same time, we shall also need to monitor fiscal intentions in the euro area Member States, as they will become more transparent over the autumn. If governments merely adhere to previous deficit targets for 1999, the structural position of budgets in quite a number of countries would effectively deteriorate. This would entail that they would move farther away from, rather than approach, the requirements of the Stability and Growth Pact, which calls for the achievement of a budget close to balance or even in surplus.
In addition to the review of economic developments, a number of
organisational issues
were settled.
(i) The
General Council
adopted its
Rules of Procedure
, which will be published in the Official Journal of the European Communities. You will recall that I informed you that the Governing Council’s Rules of Procedure were adopted in July.
(ii) The
General Council
also decided that the non-euro area national central banks shall pay up 5% of their
subscriptions to the capital of the European Central Bank (ECB)
. However, the four national central banks concerned will not be asked actually to pay in their share as the amount due is less than they can expect to receive as their share in the proceeds of the liquidation of the European Monetary Institute (EMI). Further details on the actual amounts involved are provided in the separate handout that will be issued to you this evening.
(iii) For its part, the
Governing Council
completed the list of committees which will assist in the work of the European System of Central Banks (ESCB). In addition to the eleven ESCB Committees agreed upon at the meeting in July, the Governing Council decided to establish an
International Relations Committee
and a
Budget Committee
. The latter was set up in order to provide transparency to the shareholders of the ECB - the national central banks - on matters relating to the budget of the ECB.
(iv) Finally, the
Governing Council
endorsed the draft Headquarters Agreement between the German Federal Government and the ECB, which will be signed here in Frankfurt on 18 September 1998.
A number of decisions were also taken with regard to various aspects of the
preparatory work for Stage Three
."|
1998-10-13|https://www.ecb.europa.eu/press/press_conference/monetary-policy-statement/1998/html/is981013.en.html|"Willem F. Duisenberg, President of the European Central Bank, 13 October 1998
Click here for the transcript of questions and answers.
Ladies and gentlemen, in line with our stated intention, the Vice-President and I are here today to report on the outcome of todays meeting of the Governing Council of the European Central Bank. The length of my introductory statement reflects the importance of the matters dealt with today.
As usual, the Governing Council devoted part of its meeting to an exchange of views on
recent economic, monetary and financial developments
. This discussion took place against the background of conflicting messages. Clearly, on the one hand, the data on the economic situation in the United States and Europe, especially in the euro area, mainly indicate a continuation of real GDP growth, though possibly at a somewhat slower pace. On the other hand, however, the global macroeconomic environment has deteriorated. In particular, the number of signs suggesting that the world economy will slow down in 1999 is increasing. At the same time, uncertainty in the financial markets has been heightened by news of the near collapse of a large hedge fund, losses by individual financial institutions, and the large movements in world equity, bond and foreign exchange markets.
In the view of the Governing Council, in responding to recent economic developments and current market conditions, it is of the utmost importance that proposals inspired by policy activism that do not take due account of the complexity of the issues at stake are avoided. This would only contribute to compounding the uncertainties which underlie the prevailing global financial market volatility. Against this background, the Governing Council is of the view that proposals for a reassessment of capital controls as an acceptable policy option, or recent calls for world-wide, uniform interest rate reductions, are inappropriate as they do not address the very nature of the problems. At the same time, the Governing Council considers structural improvements at the global level to be warranted. These should focus, in particular, first on enhancing the transparency of both the public and private sectors; second, on strengthening domestic banking systems, primarily in emerging markets and economies in transition; and, third, on improving financial crisis prevention and management, in particular through the increased involvement of the private sector. A number of proposals have already been developed on these issues, which should now be finalised with a view to their early and forceful implementation.
In addition, the Governing Council stressed that such structural improvements at the global level would have to be accompanied by sound policies at home. In this respect, given the size of the euro area and its global role, it is of crucial importance that price stability - and hence a climate conducive to growth and employment - should be maintained in the euro area. Achieving this will also be of vital importance for the world economy as a whole.
With this in mind, the Governing Council reviewed the monetary, financial and macroeconomic situation in the euro area.
First, the Council discussed the monetary situation with reference to preliminary data on the basis of the new harmonised reporting system for money and banking statistics. Once internal work has been completed, these monetary statistics will be made available to the public. When looking at various definitions of broad money, our preliminary data show broadly similar and stable annual growth rates of between 3 and 5% in 1997 and the first half of 1998. According to our initial analysis, these data do not appear to signal inflationary pressures arising from money at this juncture. However, given the preliminary nature of the new data, caution should be exercised with regard to their interpretation.
Second, as regards other financial indicators, although long-term interest rates have risen recently, they are still at low levels by historical standards and the yield curve has levelled off relative to the situation some months ago. A substantial part of developments in bond markets during recent months reflects a ""flight into quality"".
Third, the Governing Council discussed the broad outlook for prices in the context of the overall macroeconomic environment. With respect to price developments, international factors continued to exert downward pressure. HICP rates in the euro area fell to 1.2% in August after having remained unchanged at 1.4% from April to July. This mainly reflected a decline in energy prices, which were almost 4% lower in August than a year earlier, and in other commodity prices. For the euro area as a whole, price pressure as indicated by industrial output prices and labour costs also remained modest. In 1999 average inflation in the euro area is expected to remain subdued, according to the projections available.
Fourth, considerable difficulties are encountered in precisely assessing and quantifying the impact of recent international developments on prices and, equally, on activity. Recent data seem to suggest that real GDP growth in the euro area, which reached 0.6% in the first quarter of 1998, has slowed down somewhat in the second quarter. We need to await the release of more complete and thereby more reliable data for the euro area as a whole before a final view can be taken. Other recently released data on industrial production, the volume of retail sales and passenger car registrations appear to point to continued growth. This view is also supported by EC survey data, although some indicators have remained constant or have fallen back slightly in recent months; nonetheless, all these indicators remain well above their long-term averages.
The Governing Council welcomed recent interest rate reductions by a number of euro area national central banks. As a result, euro area-wide three-month interest rates have now reached a level of 3.8%, which implies a decrease of around 15 basis points since the end of August. These changes underline the fact that the process of the convergence of central bank interest rates in the euro area, which is to be concluded by the end of this year, is clearly under way. The Governing Council considered further interest rate convergence towards the lower end of the current range prevailing in the euro area as being appropriate, given our current knowledge of monetary trends and the prospects for price developments and taking account of an environment characterised by risks of downward pressures. The Governing Council will continue to monitor closely monetary, financial and economic developments within the euro area with a view to determining the appropriate level of money market interest rates for the euro area.
Meanwhile, the Governing Council will continue to monitor closely fiscal intentions in the euro area Member States. The structural budgetary positions in several Member States are still far from being close to balance or in surplus as required by the Stability and Growth Pact. Therefore, these Member States are not yet sufficiently prepared to enable automatic stabilisers to function in the event of a slowdown in real GDP growth, while still respecting the 3% reference value set out in the Treaty and ensuring a decline of debt ratios at an appropriate pace. Moreover, in a number of Member States, against the background of a still favourable and partly better than expected growth performance, short-term budgetary targets appear not to represent structural improvements.
In addition to the review of economic developments, a number of decisions were taken with regard to various aspects of the
preparatory work for Stage Three
.
(a) Monetary policy issues
First and foremost, let me turn to the issue of the
monetary policy strategy
. I can inform you that at todays meeting the Governing Council reached agreement on
the main features of the stability-oriented monetary policy strategy that the ESCB will pursue in Stage Three of Monetary Union
.
Before explaining our decision on the strategy, let me emphasise certain important characteristics of the environment in which the single monetary policy will operate as of next January. Of most concern to the ESCB are some uncertainties which will inevitably arise as a result of the move to Stage Three. These relate, in particular, to the way in which the transition to Stage Three of Monetary Union will affect economic behaviour and institutional and financial structures in the euro area. They also relate to statistical issues.
Against this background, the Governing Council has chosen a distinct monetary policy strategy, one that reflects the special circumstances it faces at present. This strategy will ensure continuity with the successful strategies pursued by participating national central banks in recent years, while taking into account - to the extent needed - the unique situation created by the transition to Monetary Union.
With this context in mind, the Governing Council today agreed on the main elements of the stability-oriented monetary policy strategy of the ESCB. These elements concern:"|
1998-11-03|https://www.ecb.europa.eu/press/press_conference/monetary-policy-statement/1998/html/is981103.en.html|"Willem F. Duisenberg, President of the European Central Bank, Tuesday, 3 November 1998
Click here for the transcript of questions and answers.
Ladies and gentlemen, as in previous months, the Vice-President and I are here today to report on the outcome of today's meeting of the Governing Council of the European Central Bank. The number of items considered by the Governing Council required a full-day meeting. Most of the items on the agenda were of a rather technical nature or were related to the legal implementation of decisions already taken at previous Governing Council meetings. Part of the meeting was attended by Mr. Edlinger, President of the EU Council, and by Commissioners de Silguy and Monti. Let me first turn to the Governing Council's in-depth discussion on
recent economic, monetary and financial developments.
Starting with the global macroeconomic environment, it was felt that the spiral of bad news has not continued over the most recent weeks. Also, when looking at market developments, we have observed a strengthening of the US dollar vis-à-vis euro area currencies since its trough in mid-October. We have seen a recovery in global stock markets and we have also witnessed some upward correction of long-term bond yields after they had fallen sharply as a result of a ""flight to quality"". However, markets displayed considerable volatility during the month of October, reflecting the uncertainty prevailing in the world economy Whether or not we can now expect a process towards more normal conditions remains to be seen. Given the underlying causes of the adverse conditions in Asia, Russia and other parts of the world, a quick resolution is in any case not very likely. Moreover, it is by now quite clear that the world economy will suffer from these developments in 1999 and that the euro area will also be affected to some extent.
However, the crucial and widely debated issue is the degree to which such effects on the euro area will materialise and how long they may last. As matters stand, there appears to be consensus that euro area economic growth will slow down to some extent in 1999, driven largely by a weakening in net exports. In its latest forecast, published on 21 October 1998, the Commission has revised downwards aggregate euro area real GDP growth to 2.6% in 1999, compared with the increase of 3.2% projected earlier this year. According to the same source, the slowdown is expected to be only temporary and real GDP growth is anticipated to strengthen again in 2000, with the contribution of net trade improving. At the same time, the outlook for inflation in the near term remains generally favourable, assuming continued wage moderation and subdued developments in import prices.
In today's discussion, the Governing Council agreed to examine further the broad outlook for the euro area at its two meetings in December. In this context, we shall thoroughly discuss the downside risks for output growth resulting from the evolution of world trade and from international financial tensions and the possibility of still more subdued price developments. However, one should also mention the fact that a relaxation of fiscal policies and higher wage increases could lead to a reversal of current developments in consumer prices and undermine confidence. Any uncertainties arising in these two fields would of course considerably complicate our assessment, given the high degree of uncertainty already associated with the developments in the global economy.
With respect to today's review of the monetary, financial and macroeconomic situation in the euro area, the following aspects were discussed First, with reference to monetary growth, let me recall that when looking at various definitions of broad money, our preliminary data show broadly similar and stable annual growth rates of between 3 and 5% in 1997 and the first half of 1998. According to our initial analysis these monetary trends do not appear to signal inflationary pressures at this juncture. However, a further assessment will be made in December on the basis of more up-to-date information.
Second, with respect to price developments, euro area HICP inflation fell from 1.2% in August to 1.0% in September 1998. The generally low level of HICP increases mainly reflects a decline in energy prices, which were almost 4% lower in September than a year earlier, and in other commodity prices; in addition, price pressure as indicated by industrial output prices and unit labour costs has remained modest. With respect to the decline in HICP inflation in September, this is closely related to a relatively strong fall in food prices (from 1.8% in August to 1.4% in September 1998), which account for almost one-quarter of the total HICP. Such monthly changes are certainly very difficult to interpret. However, I may point out that food prices display a larger degree of volatility owing to their seasonal pattern.
Third, taking into account distorting factors such as calendar effects, underlying developments in euro area-wide real GDP have remained fairly stable. Economic expansion was broadly unchanged in the first half of 1998 from the solid growth seen in the second half of 1997. Also, at this juncture, data partly available for the summer months point to the possibility that recent rates of output growth may be broadly sustained beyond the first half of this year. While the trends appear in some cases weaker, particularly when also looking at some national data, the latest euro area-wide survey data on confidence, order books and capacity utilisation generally remain well above their long-run averages. However, further developments in these data will have to be monitored closely. Concerning the assessment of the monetary policy stance in the euro area, the Governing Council - after having carefully reviewed all factors and developments - confirmed the view taken at its previous meeting. It considered further interest rate convergence towards the lower end of the current range prevailing in the euro area as being appropriate. Measured by key central bank rates, the lowest rates in the euro area currently stand at 3.3%. Market interest rates have also reached very low levels. In terms of three-month interest rates, the euro area average rate has fallen to 3.75%, following the reduction of interest rates by a number of euro area central banks. With the announcement today of further interest rate reductions by the Banco de España and the Banco de Portugal, both effective tomorrow, the euro area average will continue its downward trend. Nominal and real long-term interest rates for the euro area are at historically low levels. It confirms the high degree of confidence that the euro has gained in the judgement of the general public and of global investors. This confidence is a major asset in the consolidation of a financial environment conducive to growth.
As has been proven in many instances in the past, monetary policy cannot solve structural problems. Indeed, monetary policies in the euro area countries have increasingly converged over the past few years and resulted in low levels of interest rates. Several countries have followed virtually a ""common monetary policy stance"" over a longer period, but performances - for example in labour markets - within the euro area differ considerably from country to country. The degree of success in this area seems to be closely related to structural reforms implemented in earlier years.
I am confident that we can cope both with current problems and with future challenges. This requires a forward-looking, medium-term-oriented monetary policy, which keeps inflationary expectations low. This is the decisive contribution of monetary policy to the fostering of growth and employment. Dealing with structural problems is the task of policies other than monetary policy.
Let me now give the floor to the Vice-President to report on various aspects of the
preparatory work for Stage Three.
(a) Preparations for the ""changeover weekend""
With less than 60 days to go before the start of Stage Three, we are obviously attaching particular importance to the provision of a framework allowing for a smooth changeover to the euro. We began our preparations a long time ago and I am confident that the ESCB will be in a position to deliver its entire complex infrastructure to the markets by the morning of 4 January 1999. I expect the banking and financial community in the euro area to be fully aware both of the logistical challenge that the changeover weekend represents and of the need for careful preparation. Given the concentration of migration operations to the euro to be conducted by a multitude of financial agents (i.e. payment systems, securities settlement systems, custodians, individual banks, exchanges and financial information providers) in the period from 31 December 1998 to 4 January 1999, the ESCB is preparing to work together with other public authorities to orchestrate the necessary policy responses to any unexpected events. To this end, the Governing Council has set up an ad hoc ""Changeover Weekend Committee"" which will organise the monitoring of developments vis-à-vis the final migration to the euro within the ECB and the national central banks and in the banking and financial industry, both prior to and during the changeover weekend Additional details on the preparation of the changeover weekend are provided in a separate press release which is to be issued to you this evening.
(b) Payment systems issues
With regard to euro payment and settlement systems, I should like to draw your attention to recent developments which suggest that many market participants consider the euro as a special currency to which the traditional rules applied elsewhere in the developed world would not necessarily be applicable. Initiatives were taken, or allowed to develop, that have no precedent in the arrangements concerning other currencies. This relates in particular to the granting of payment finality and intraday credit in a currency other than a country's own. Therefore, the Governing Council considered it appropriate to issue a policy statement clearly spelling out the fact that the rules which apply to all of the other currencies in the world will also apply to the euro, and that the ECB bears the same responsibilities as all the other central banks in the world This policy statement on euro payment and settlement systems located outside the euro area is to be issued to you this evening The Governing Council also agreed on the main features of the legal framework within which the TARGET system will operate. These main features are set out in greater detail in the ""Third progress report on the TARGET project"", which the Governing Council endorsed today. In common with previous progress reports, the current one will be published in the near future and will provide further technical details of interest to market participants.
(c) Exchange of national banknotes
In the absence of euro banknotes at the start of Stage Three, the Governing Council today agreed on arrangements according to which the participating national central banks will exchange legal tender banknotes of other participating Member States for national banknotes and coins at the official conversion rate as from 1 January 1999. To ensure substitutability between the national currency units, the Governing Council decided that each participating national central bank will arrange for such an exchange at one location at least. The national central banks may, however, limit the number and/or the total volume of banknotes they are prepared to accept for any given transaction or on any one day Further details on that matter are provided in a separate press release which is to be issued to you this evening.
(d) Allocation of monetary income
As regards the income arising from the issuance of national banknotes from the participating Member States the Governing Council today decided that such income will not be redistributed prior to the introduction of the euro banknotes. The Governing Council also confirmed with respect to the allocation of monetary income of the national central banks of the participating Member States for the financial years 1999 to 2001, that the monetary income for the said period will be calculated by employing the so-called indirect method, by multiplying a defined liability base by a specified reference rate of interest. The sum of the monetary income of each national central bank will be allocated to the participating national central banks in proportion to their paid-up share in the ECB's capital. Owing to the temporary character of the current decision, the question of monetary income allocation will need to be revisited before the introduction of euro banknotes in 2002.
(e) Transfer of foreign reserve assets to the ECB
Today the Governing Council also adopted an ECB Guideline establishing the legal format as well as the modalities of the initial transfer of foreign reserves from the national central banks to the ECB. In this connection and as a measure for covering possible foreign exchange risks for the ECB, the Governing Council endorsed, in line with the Statute of the ESCB, an ECB Recommendation for a Council Regulation which would authorise the ECB to increase its capital from the current level of E5 billion to up to twice that amount.
(f) Monetary and foreign exchange policy
Further decisions have also been taken with regard to preparing the monetary and foreign exchange policy of the euro area. On previous occasions I have mentioned to you that legal acts are under preparation which specify general principles to be followed by the national central banks when carrying out operations in domestic assets and liabilities and in foreign exchange reserve assets remaining with the national central banks. Such instruments, which are based on provisions of the Statute of the ESCB, aim from a legal point of view at ensuring the singleness of the ECB's monetary policy and the consistency of such transactions with the Community's exchange rate and monetary policies. Against this background, the Governing Council today adopted an ECB Guideline which establishes certain reporting obligations for the national central banks' domestic asset and liability management operations and subjects such transactions to the prior approval of the ECB whenever they exceed a certain amount. A similar ECB Guideline was adopted which subjects all operations in foreign reserve assets - including gold - which exceed a certain amount to the approval of the ECB. In addition, the Governing Council adopted an ECB Guideline according to which any participating Member States' transactions with their foreign exchange working balances which exceed a certain amount have to be notified to the ECB in advance. A similar arrangement is envisaged between the ECB and the Commission of the European Communities for all foreign exchange transactions carried out in the context of implementing the Commission's budget.
In the context of the statutory function of the ESCB to contribute to the smooth conduct of policies of competent authorities in the field of
banking supervision and financial stability
, the Governing Council discussed the main driving forces that are likely to affect the EU banking systems in the medium and long term, including the establishment of EMU. The Council members hold the view that the establishment of EMU is expected to reinforce the structural tendencies that are already under way in the EU banking systems. These tendencies include the reduction of excess capacity, pressure on profitability, enhanced competition, increased internationalisation and geographical diversification. One important aspect is the fact that EU banks seem to have significantly increased their awareness of the strategic implications of the introduction of the euro over the past few months. They are devising specific responses accordingly, which include: (i) improvements in services and procedures; (ii) changes in the range of products supplied to customers; and (iii) mergers, strategic alliances and co-operation agreements. We intend to make the outcome of this examination public in due course Finally, the Governing Council adopted an ECB Decision concerning
public access to the documentation and archives of the ECB
. This Decision will be published in the Official Journal of the European Communities. We are now at your disposal should you have any questions. Click here for the transcript of questions and answers."|
1998-12-01|https://www.ecb.europa.eu/press/press_conference/monetary-policy-statement/1998/html/is981201.en.html|"Willem F. Duisenberg, President of the European Central Bank, Tuesday, 1 December 1998
Click here for the transcript of questions and answers.
Ladies and gentlemen, the Vice-President and I are here today to report on the outcome of today's meetings of the Governing Council and the General Council of the European Central Bank. Similarly to last month, the Governing Council had a very heavy agenda with many of the items being of a rather technical nature or related to the legal implementation of decisions already taken at previous meetings.
Let me first turn to the Governing Council's in-depth discussion on
recent economic, monetary and financial developments.
Today the Governing Council focused, inter alia, on various projections available for the world economy and the euro area. This material pointed unequivocally to some deceleration of real GDP growth in the euro area in 1999, compared with the widely expected growth rate of just below 3% in 1998.
In addition, the Governing Council took note of the apparently calmer conditions in world financial markets in November this year. A key feature has been the diminished volatility in financial markets.
However, the Governing Council pointed out that caution is warranted when interpreting the most recent developments and the projections available. Indeed, downward risks continue to exist.
In the view of the Governing Council, apart from global developments, the most significant risk for all forecasts is that confidence within the euro area and thereby domestic demand could be negatively affected. Confidence in the corporate sector has already declined. In this respect, the Governing Council emphasised the utmost importance of maintaining a sound and sustainable policy framework within the euro area, particularly in the interest of supporting confidence. This framework is characterised by the maintenance of a stability-oriented monetary policy, a conduct of fiscal policies which is consistent with the Stability and Growth Pact, and ongoing structural reforms in the labour and product markets, accompanied by continued wage moderation. Maintaining this policy framework will help to foster competitiveness and profitability in the corporate sector, thereby promoting investment. Equally, it will help to sustain and foster the employment growth that has been seen recently, thereby supporting private consumption.
Against this background, the Governing Council discussed in depth issues related to the conduct of monetary policy for the euro area. Let me elaborate on that discussion, which further prepared the ground for the setting of interest rates for the euro area. In the context of the stability-oriented monetary policy strategy, the main elements of which were announced in October this year, the Governing Council agreed on the quantitative reference value for monetary growth and the monetary aggregate to which it applies. Moreover, the Governing Council carefully analysed the data on monetary developments and made a thorough examination of the broad outlook for price stability.
The first reference value for monetary growth decided by the Governing Council, which plays a prominent role in the Governing Council's monetary policy assessment, will apply to the broad monetary aggregate M3 and has been set at an annual rate of 4 1/2%; it will be reviewed in December 1999. This rate is consistent with the maintenance of price stability according to the ESCB's published definition, while allowing for sustainable output growth. It has been derived by assuming that the trend growth rate of real GDP in the euro area is in the range of 2% to 2 1/2% per annum and the velocity of circulation of M3 declines at a trend rate of between 1/2% and 1% each year. Further details related to the derivation of the reference rate and the definition of the broad aggregate M3 are described in a separate press statement to be released today. With regard to the reference value, let me stress two points very clearly.
First, the reference value for M3 growth has been derived in an explicit medium-term context, in line with the ESCB's monetary policy strategy. Analysis of monetary developments relative to the reference value will provide a firm anchor for the conduct of the stability-oriented single monetary policy.
Second, the ESCB's monetary policy strategy does not entail ""mechanistic"" policy reactions to deviations of monetary growth from the announced reference value. In the first instance, deviations of monetary growth will be analysed thoroughly, in parallel with the broadly based assessment of the outlook for price developments.
Preliminary estimates for part of the euro area indicate that the average of the 12-month growth rates for the last three months (including October) was around 4.5%. Taking a medium-term perspective, the Governing Council took note of the fact that over the last two years the annual rate of M3 growth has constantly fluctuated in a range of 3.5% to 5.5%. It was concluded that this monetary trend appears to be broadly compatible with continued price stability in the euro area. In line with the ESCB's monetary policy strategy, the Governing Council will closely monitor developments in M3 in relation to the reference value.
As regards other financial indicators, average long-term interest rates in the euro area declined slightly in November to 4.15%. The decline in long-term interest rates, which has been substantial since June this year, is consistent with the view that markets currently have low inflation expectations.
The discussion on the appropriate interest rates for the start of Stage Three was further deepened during the deliberations of the members of the Governing Council on the broad outlook for price stability in the euro area. Prospects for price developments are generally seen as favourable as the rate of increase in the HICP, which stood at 1.0% in October, is expected to remain below 2% in the foreseeable future. However, this is conditional on import prices remaining subdued and wage developments continuing to be moderate.
In the same context, the Governing Council emphasised once again that budgetary positions are still far from being close to balance or in surplus, while debt ratios are still at a very high level. All the members of the Governing Council agreed that any tendency to relax the fiscal stance or to alter the strategy enshrined in the Stability and Growth Pact would risk endangering the credibility of the euro and the objective of price stability.
On balance, the outlook for price stability was judged favourably by the Governing Council. In an environment of substantial uncertainty, monetary policy will be guided by a continuous convergence of central bank interest rates towards the level considered to be appropriate for the monetary, financial and economic situation prevailing at the start of Stage Three.
Let me now give the floor to the Vice-President to report on various aspects of the
preparatory work for Stage Three of Economic and Monetary Union.
(1) Revision of the key for the capital of the European Central Bank (ECB)
Revised GDP data, which are used to calculate the key for the capital of the European Central Bank, have been received from the Commission of the European Communities. When the revisions are applied to the calculation of the capital key, variations of more than 0.01% occur. Article 2 of the original Decision of the Governing Council of the ECB of 9 June 1998 (ECB/1998/1) states that should revisions received before December 1998 result in variations of this magnitude, the key for the capital of the ECB may be revised. The General Council and the Governing Council have therefore considered and agreed to an adjustment of the key and the Governing Council has adopted the related ECB Decision. Details of the adjusted shares of the national central banks (NCBs) are presented in a separate press release which is to be issued this evening. Today, also in this connection, the General Council adopted an ECB Decision on the contribution of the non-euro area national central banks to the capital of the ECB, for which the adjustment of the key has knock-on implications. The Decision states that the non-euro area NCBs will pay up 5% of their subscriptions to the capital of the ECB. However, the four NCBs concerned will not actually be asked to pay their share since the amounts due are less than they can expect to receive as their share in the proceeds of the liquidation of the European Monetary Institute. These details were already agreed by the General Council at its meeting on 1 September this year and are now contained in a legally binding text.
(2) National legal framework for the monetary policy instruments and procedures in Stage Three of Economic and Monetary Union
As you are already aware, from January 1999, the single monetary policy will be defined and implemented by the decision-making bodies of the ECB, the Governing Council and the Executive Board. The operations of the monetary policy of the ESCB will be carried out in a decentralised manner by the participating NCBs. Therefore, the NCBs have prepared contractual and/or regulatory legal documentation (the national legal documentation) in order to implement the monetary policy framework of the ESCB as adopted by the Governing Council on 11 September 1998 and published in the report entitled ""The single monetary policy in Stage Three: General documentation on ESCB monetary policy instruments and procedures"". The national legal documentation of each NCB has been assessed by legal experts from the NCBs and the ECB in order to ensure that it properly implements and complies with the monetary policy framework of the ESCB, which aims at establishing a level playing-field across the euro area. All eligible institutions wishing to access monetary policy operations and standing facilities in Stage Three should therefore contact their local NCB in order to prepare for the execution of that national legal documentation in good time before the beginning of Stage Three.
(3) Regulation of the European Central Bank on the application of minimum reserves
Today the Governing Council adopted the Regulation of the European Central Bank on the application of minimum reserves. The final specifications of the minimum reserve system to be used by the ESCB in Stage Three was the subject of a press release following the Governing Council meeting on 13 October this year. At that time it was announced that an ECB Regulation on minimum reserves would be published shortly thereafter. This commitment has now been fulfilled and the features of the ESCB's minimum reserve system are contained in a legally binding text.
(4) Regulation of the European Central Bank concerning the consolidated balance sheet of the Monetary Financial Institutions sector
Today the Governing Council also adopted an ECB Regulation concerning the consolidated balance sheet of the Monetary Financial Institutions (MFI) sector. The purpose of this Regulation is to enable the ECB and the NCBs to collect the statistical material required for the establishment of the consolidated balance sheet of the MFI sector. The aim of this balance sheet is to provide the ECB with a comprehensive, statistical picture of monetary developments covering the aggregated financial assets and liabilities of MFIs located in the euro area.
(5) Payments systems issues
(i) Legal documentation for the correspondent central banking model (CCBM)
The correspondent central banking model (CCBM) is a system which will enable all collateral that is eligible for ESCB monetary policy operations to be used on a cross-border basis. It is a system that relies on bilateral relations between the NCBs involved and implies, inter alia, a regime of rights and liabilities between the NCBs. There are two pieces of legal documentation involved in this issue. First, there is the so called ""CCBM Main Agreement"", which concerns the participating Member States and the ECBs, and second, there is what we call the ""Out CCBM Agreement"", which deals with the regulations for operations concerning non-participating Member States. Today, the central bank Governors of all 15 Member States and the President of the ECB signed the ""Out CCBM Agreement"" and the members of the Eurosystem signed the ""CCBM Main Agreement"", ""Eurosystem"" being the term which we now intend to use to refer to the 11 euro area NCBs and the ECB. Further details of the CCBM and information concerning the forthcoming publication of a brochure on the subject are contained in a separate press release which will be issued to you this evening.
(ii) TARGET Agreement
Further to the Governing Council's agreement on the main features of the legal framework for TARGET in November this year, I am pleased to be able to inform you that today the TARGET Agreement has been signed by all 15 central bank Governors and the President of the ECB, thus allowing the non-euro area NCBs to be connected to TARGET. By entering into the TARGET Agreement today, the central banks of Denmark, Greece, Sweden and the United Kingdom have consequently agreed to adhere to the rules and procedures referred to in the TARGET Guideline, which regulates the relationship between the ECB and all euro area central banks. Finally, it gives me pleasure to announce that the central bank Governors of these four countries have committed their NCBs to adhere to the principles laid down in the policy statement on euro payment and settlement systems located outside the euro area, which was released to you on 3 November 1998.
(6) Issues relating to accounting and financial reporting
Finally, today the Governing Council, having considered the observations of the General Council, adopted an ECB Guideline on the legal framework for accounting and reporting in the ESCB. This Guideline will not be published but will be available on request from the ECB. A number of other decisions were also taken regarding the consolidated weekly financial statement of the ESCB. The formats for the external reporting of the financial accounts of the ESCB were agreed. It was decided that Friday will be the reporting date of the ESCB and that publication of the weekly consolidated balance sheet will take place on the following Tuesday. Further details will be supplied when the first weekly consolidated balance sheet is published.
Click here for the transcript of questions and answers."|
1998-12-22|https://www.ecb.europa.eu/press/press_conference/monetary-policy-statement/1998/html/is981222.en.html|"Willem F. Duisenberg, President of the European Central Bank, Tuesday, 22 December 1998
With the transcript of the questions and answers
Ladies and gentlemen, the Vice-President and I are here today to report on the outcome of today's meeting of the Governing Council of the European Central Bank at which we took the opportunity to finalise a number of issues of a rather technical or legal nature ahead of the forthcoming Changeover Weekend. Let me first turn to the Governing Council's discussion on
recent economic, monetary and financial developments and the decisions that the Governing Council has taken today in the field of monetary policy.
On 1 January 1999 the ESCB will assume responsibility for defining and implementing the single monetary policy of the euro area. The Governing Council of the ECB deemed it appropriate to announce in advance the interest rates that will apply to the monetary policy instruments of the ESCB as from the start of Stage Three. This should eliminate any remaining uncertainties about the monetary policy stance of the ESCB and contribute to a smooth changeover to Stage Three of Economic and Monetary Union. As you have already been informed, the following
decisions
were taken:"|
